{
  "metadata": {
    "titre": "Ensemble S des portes accessibles depuis 196",
    "description": "Portes observées dans la trajectoire de 196 et graphe de transitions",
    "date_generation": "2025-10-23T18:07:40.338327",
    "nombre_initial": 196,
    "iterations_calculees": 2
  },
  "statistiques": {
    "total_portes_distinctes": 231,
    "longueurs_observees": [
      3,
      4,
      5,
      6,
      7,
      8,
      9,
      10,
      11,
      12,
      13,
      14,
      15,
      16,
      17,
      18,
      19,
      20,
      21,
      22,
      23,
      24,
      25,
      26,
      27,
      28,
      29,
      30,
      31,
      32,
      33,
      34,
      35,
      36,
      37,
      38,
      39,
      40,
      41,
      42,
      43,
      44,
      45,
      46,
      47,
      48,
      49,
      50,
      51,
      52,
      53,
      54,
      55,
      56,
      57,
      58,
      59,
      60,
      61,
      62,
      63,
      64,
      65,
      66,
      67,
      68,
      69,
      70,
      71,
      72,
      73,
      74,
      75,
      76,
      77,
      78,
      79,
      80,
      81,
      82,
      83,
      84,
      85,
      86,
      87,
      88,
      89,
      90,
      91,
      92,
      93,
      94,
      95,
      96,
      97,
      98,
      99,
      100,
      101
    ],
    "distribution_par_k": {
      "3": 2,
      "4": 2,
      "5": 3,
      "6": 1,
      "7": 1,
      "8": 4,
      "9": 4,
      "10": 2,
      "11": 2,
      "12": 3,
      "13": 2,
      "14": 2,
      "15": 2,
      "16": 3,
      "17": 2,
      "18": 2,
      "19": 3,
      "20": 3,
      "21": 2,
      "22": 2,
      "23": 2,
      "24": 2,
      "25": 2,
      "26": 2,
      "27": 2,
      "28": 2,
      "29": 2,
      "30": 2,
      "31": 2,
      "32": 2,
      "33": 2,
      "34": 3,
      "35": 3,
      "36": 2,
      "37": 2,
      "38": 2,
      "39": 3,
      "40": 2,
      "41": 2,
      "42": 2,
      "43": 3,
      "44": 2,
      "45": 2,
      "46": 2,
      "47": 3,
      "48": 2,
      "49": 2,
      "50": 3,
      "51": 2,
      "52": 4,
      "53": 4,
      "54": 2,
      "55": 2,
      "56": 2,
      "57": 2,
      "58": 3,
      "59": 2,
      "60": 2,
      "61": 3,
      "62": 2,
      "63": 2,
      "64": 3,
      "65": 2,
      "66": 4,
      "67": 4,
      "68": 2,
      "69": 2,
      "70": 3,
      "71": 2,
      "72": 2,
      "73": 3,
      "74": 2,
      "75": 2,
      "76": 2,
      "77": 2,
      "78": 2,
      "79": 2,
      "80": 2,
      "81": 2,
      "82": 3,
      "83": 3,
      "84": 2,
      "85": 2,
      "86": 3,
      "87": 2,
      "88": 2,
      "89": 2,
      "90": 2,
      "91": 2,
      "92": 3,
      "93": 2,
      "94": 2,
      "95": 3,
      "96": 2,
      "97": 4,
      "98": 2,
      "99": 2,
      "100": 3,
      "101": 1
    },
    "nombre_transitions": 4,
    "fermeture_empirique": true,
    "portes_manquantes": 0
  },
  "ensemble_S": {
    "portes_par_longueur": {
      "3": [
        [
          7,
          18
        ],
        [
          15,
          16
        ]
      ],
      "4": [
        [
          6,
          13
        ],
        [
          13,
          7
        ]
      ],
      "5": [
        [
          4,
          11,
          14
        ],
        [
          9,
          3,
          10
        ],
        [
          18,
          7,
          0
        ]
      ],
      "6": [
        [
          9,
          16,
          7
        ]
      ],
      "7": [
        [
          10,
          6,
          14,
          14
        ]
      ],
      "8": [
        [
          1,
          7,
          11,
          10
        ],
        [
          2,
          15,
          3,
          2
        ],
        [
          5,
          10,
          7,
          4
        ],
        [
          11,
          0,
          15,
          8
        ]
      ],
      "9": [
        [
          2,
          2,
          6,
          14,
          16
        ],
        [
          4,
          4,
          13,
          9,
          14
        ],
        [
          8,
          9,
          7,
          0,
          10
        ],
        [
          16,
          18,
          14,
          1,
          0
        ]
      ],
      "10": [
        [
          7,
          16,
          14,
          6,
          1
        ],
        [
          15,
          13,
          9,
          13,
          2
        ]
      ],
      "11": [
        [
          6,
          10,
          4,
          4,
          6,
          4
        ],
        [
          13,
          0,
          9,
          8,
          12,
          8
        ]
      ],
      "12": [
        [
          4,
          4,
          9,
          17,
          11,
          11
        ],
        [
          8,
          9,
          9,
          15,
          4,
          4
        ],
        [
          17,
          9,
          9,
          10,
          9,
          8
        ]
      ],
      "13": [
        [
          8,
          8,
          0,
          1,
          0,
          18,
          16
        ],
        [
          16,
          16,
          0,
          2,
          1,
          17,
          14
        ]
      ],
      "14": [
        [
          7,
          14,
          7,
          2,
          3,
          9,
          13
        ],
        [
          15,
          8,
          15,
          4,
          7,
          9,
          7
        ]
      ],
      "15": [
        [
          6,
          14,
          14,
          10,
          11,
          16,
          16,
          14
        ],
        [
          13,
          9,
          10,
          2,
          4,
          14,
          14,
          10
        ]
      ],
      "16": [
        [
          4,
          4,
          1,
          3,
          6,
          9,
          10,
          6
        ],
        [
          8,
          8,
          2,
          6,
          13,
          9,
          0,
          13
        ],
        [
          16,
          16,
          4,
          13,
          6,
          9,
          2,
          7
        ]
      ],
      "17": [
        [
          7,
          14,
          11,
          8,
          10,
          15,
          11,
          9,
          14
        ],
        [
          15,
          9,
          3,
          18,
          1,
          12,
          4,
          0,
          10
        ]
      ],
      "18": [
        [
          6,
          5,
          13,
          12,
          10,
          4,
          7,
          4,
          1
        ],
        [
          12,
          11,
          7,
          6,
          1,
          9,
          14,
          8,
          2
        ]
      ],
      "19": [
        [
          3,
          5,
          9,
          13,
          7,
          11,
          4,
          13,
          10,
          4
        ],
        [
          6,
          11,
          9,
          6,
          16,
          2,
          10,
          7,
          1,
          10
        ],
        [
          13,
          2,
          9,
          14,
          12,
          6,
          0,
          15,
          3,
          0
        ]
      ],
      "20": [
        [
          4,
          6,
          12,
          4,
          8,
          9,
          6,
          6,
          9,
          3
        ],
        [
          8,
          13,
          4,
          9,
          16,
          18,
          12,
          12,
          18,
          6
        ],
        [
          17,
          6,
          10,
          9,
          13,
          18,
          6,
          6,
          17,
          13
        ]
      ],
      "21": [
        [
          8,
          14,
          7,
          1,
          4,
          13,
          15,
          12,
          14,
          12,
          8
        ],
        [
          17,
          8,
          15,
          2,
          9,
          7,
          12,
          6,
          10,
          5,
          18
        ]
      ],
      "22": [
        [
          8,
          16,
          14,
          8,
          11,
          16,
          10,
          9,
          7,
          6,
          14
        ],
        [
          17,
          13,
          9,
          18,
          3,
          14,
          1,
          9,
          15,
          13,
          9
        ]
      ],
      "23": [
        [
          8,
          12,
          4,
          9,
          12,
          8,
          6,
          11,
          5,
          10,
          4,
          0
        ],
        [
          17,
          4,
          10,
          9,
          4,
          17,
          13,
          2,
          12,
          0,
          9,
          0
        ]
      ],
      "24": [
        [
          8,
          12,
          5,
          0,
          14,
          12,
          12,
          6,
          5,
          3,
          9,
          9
        ],
        [
          17,
          4,
          11,
          1,
          9,
          6,
          5,
          13,
          10,
          6,
          18,
          18
        ]
      ],
      "25": [
        [
          8,
          12,
          6,
          3,
          10,
          15,
          11,
          9,
          5,
          7,
          15,
          18,
          18
        ],
        [
          17,
          4,
          13,
          7,
          1,
          12,
          3,
          9,
          11,
          15,
          11,
          18,
          18
        ]
      ],
      "26": [
        [
          8,
          12,
          8,
          11,
          8,
          4,
          6,
          13,
          1,
          8,
          8,
          11,
          18
        ],
        [
          17,
          4,
          18,
          2,
          17,
          8,
          13,
          6,
          3,
          16,
          17,
          3,
          18
        ]
      ],
      "27": [
        [
          8,
          12,
          13,
          11,
          10,
          16,
          12,
          10,
          9,
          10,
          15,
          11,
          12,
          18
        ],
        [
          17,
          5,
          8,
          4,
          2,
          14,
          6,
          2,
          0,
          2,
          12,
          4,
          6,
          18
        ]
      ],
      "28": [
        [
          8,
          13,
          13,
          12,
          6,
          7,
          11,
          8,
          2,
          2,
          5,
          7,
          10,
          15
        ],
        [
          17,
          7,
          8,
          5,
          13,
          15,
          2,
          17,
          4,
          4,
          10,
          15,
          1,
          12
        ]
      ],
      "29": [
        [
          8,
          15,
          15,
          13,
          9,
          10,
          8,
          10,
          12,
          8,
          5,
          7,
          7,
          4,
          6
        ],
        [
          17,
          11,
          12,
          8,
          0,
          1,
          18,
          1,
          5,
          17,
          10,
          14,
          14,
          8,
          12
        ]
      ],
      "30": [
        [
          8,
          10,
          5,
          11,
          8,
          1,
          10,
          10,
          6,
          13,
          9,
          6,
          10,
          13,
          11
        ],
        [
          17,
          0,
          12,
          2,
          17,
          3,
          1,
          1,
          14,
          6,
          9,
          14,
          1,
          8,
          4
        ]
      ],
      "31": [
        [
          8,
          8,
          3,
          5,
          10,
          11,
          4,
          2,
          6,
          11,
          16,
          4,
          6,
          9,
          12,
          8
        ],
        [
          16,
          16,
          6,
          11,
          1,
          3,
          9,
          4,
          13,
          3,
          13,
          9,
          13,
          9,
          4,
          18
        ]
      ],
      "32": [
        [
          7,
          14,
          13,
          8,
          3,
          4,
          12,
          13,
          8,
          7,
          7,
          4,
          4,
          3,
          14,
          13
        ],
        [
          15,
          9,
          7,
          17,
          6,
          9,
          5,
          7,
          17,
          14,
          14,
          8,
          8,
          7,
          9,
          8
        ]
      ],
      "33": [
        [
          6,
          5,
          17,
          15,
          14,
          15,
          14,
          12,
          15,
          13,
          10,
          13,
          16,
          15,
          16,
          17,
          16
        ],
        [
          12,
          11,
          15,
          12,
          10,
          12,
          10,
          6,
          12,
          8,
          2,
          8,
          14,
          12,
          14,
          16,
          14
        ]
      ],
      "34": [
        [
          3,
          5,
          8,
          9,
          4,
          4,
          4,
          7,
          9,
          11,
          10,
          10,
          13,
          8,
          8,
          12,
          12
        ],
        [
          6,
          10,
          16,
          18,
          8,
          8,
          8,
          15,
          9,
          3,
          2,
          2,
          7,
          17,
          17,
          5,
          6
        ],
        [
          13,
          1,
          14,
          17,
          17,
          16,
          17,
          10,
          9,
          7,
          4,
          4,
          15,
          15,
          15,
          11,
          12
        ]
      ],
      "35": [
        [
          4,
          5,
          6,
          13,
          16,
          15,
          15,
          9,
          0,
          17,
          11,
          8,
          10,
          12,
          12,
          8,
          5,
          6
        ],
        [
          8,
          10,
          13,
          7,
          14,
          12,
          11,
          9,
          2,
          15,
          3,
          18,
          1,
          6,
          5,
          17,
          10,
          12
        ],
        [
          17,
          1,
          7,
          16,
          9,
          6,
          3,
          9,
          6,
          10,
          8,
          16,
          3,
          12,
          11,
          15,
          2,
          6
        ]
      ],
      "36": [
        [
          8,
          9,
          8,
          14,
          6,
          16,
          9,
          12,
          15,
          7,
          9,
          15,
          10,
          6,
          5,
          8,
          8,
          8
        ],
        [
          16,
          18,
          17,
          8,
          14,
          13,
          0,
          6,
          11,
          16,
          9,
          11,
          1,
          13,
          10,
          16,
          16,
          16
        ]
      ],
      "37": [
        [
          7,
          16,
          17,
          16,
          13,
          9,
          4,
          6,
          8,
          9,
          7,
          2,
          3,
          5,
          5,
          8,
          14,
          14,
          14
        ],
        [
          15,
          13,
          16,
          14,
          7,
          9,
          9,
          12,
          16,
          18,
          14,
          4,
          6,
          10,
          10,
          17,
          9,
          10,
          10
        ]
      ],
      "38": [
        [
          6,
          10,
          11,
          12,
          12,
          17,
          9,
          2,
          10,
          16,
          14,
          9,
          10,
          7,
          2,
          9,
          8,
          1,
          2
        ],
        [
          13,
          1,
          4,
          6,
          6,
          15,
          9,
          6,
          1,
          14,
          10,
          0,
          1,
          15,
          4,
          18,
          16,
          2,
          4
        ]
      ],
      "39": [
        [
          4,
          5,
          5,
          10,
          12,
          12,
          5,
          16,
          7,
          6,
          6,
          1,
          1,
          7,
          10,
          13,
          16,
          9,
          6,
          8
        ],
        [
          8,
          10,
          11,
          1,
          6,
          5,
          12,
          12,
          15,
          12,
          12,
          2,
          2,
          15,
          1,
          8,
          13,
          9,
          13,
          16
        ],
        [
          17,
          1,
          3,
          3,
          12,
          11,
          5,
          6,
          12,
          6,
          5,
          5,
          5,
          10,
          3,
          17,
          7,
          0,
          8,
          14
        ]
      ],
      "40": [
        [
          8,
          9,
          4,
          6,
          6,
          5,
          7,
          11,
          9,
          9,
          11,
          10,
          10,
          6,
          4,
          11,
          15,
          7,
          8,
          13
        ],
        [
          16,
          18,
          8,
          12,
          12,
          10,
          15,
          3,
          0,
          0,
          4,
          2,
          1,
          13,
          9,
          3,
          11,
          15,
          17,
          7
        ]
      ],
      "41": [
        [
          7,
          16,
          17,
          11,
          6,
          4,
          7,
          9,
          3,
          0,
          4,
          6,
          3,
          5,
          3,
          13,
          5,
          8,
          14,
          15,
          14
        ],
        [
          15,
          13,
          16,
          3,
          13,
          8,
          14,
          18,
          6,
          0,
          8,
          12,
          6,
          10,
          7,
          6,
          11,
          17,
          9,
          12,
          10
        ]
      ],
      "42": [
        [
          6,
          10,
          11,
          10,
          7,
          12,
          13,
          14,
          15,
          6,
          8,
          11,
          9,
          7,
          8,
          13,
          8,
          10,
          8,
          3,
          4
        ],
        [
          13,
          1,
          4,
          1,
          16,
          5,
          8,
          10,
          11,
          13,
          17,
          2,
          9,
          15,
          17,
          6,
          18,
          0,
          17,
          6,
          8
        ]
      ],
      "43": [
        [
          4,
          5,
          5,
          5,
          8,
          12,
          13,
          9,
          3,
          6,
          12,
          10,
          12,
          5,
          14,
          14,
          15,
          9,
          8,
          14,
          14,
          16
        ],
        [
          8,
          10,
          10,
          10,
          17,
          5,
          7,
          9,
          7,
          13,
          5,
          2,
          5,
          12,
          9,
          10,
          11,
          9,
          18,
          9,
          10,
          14
        ],
        [
          17,
          1,
          2,
          2,
          15,
          11,
          14,
          18,
          15,
          6,
          11,
          4,
          11,
          5,
          0,
          2,
          4,
          0,
          18,
          0,
          2,
          10
        ]
      ],
      "44": [
        [
          8,
          9,
          3,
          4,
          8,
          8,
          7,
          14,
          15,
          12,
          8,
          6,
          6,
          7,
          5,
          2,
          6,
          4,
          9,
          9,
          2,
          3
        ],
        [
          16,
          18,
          6,
          8,
          16,
          16,
          15,
          9,
          12,
          5,
          17,
          12,
          12,
          14,
          10,
          4,
          12,
          8,
          18,
          18,
          4,
          6
        ]
      ],
      "45": [
        [
          7,
          16,
          15,
          14,
          15,
          14,
          13,
          6,
          3,
          8,
          13,
          11,
          6,
          8,
          6,
          5,
          7,
          11,
          17,
          18,
          13,
          10,
          12
        ],
        [
          15,
          13,
          12,
          10,
          12,
          10,
          7,
          13,
          6,
          17,
          7,
          3,
          13,
          16,
          12,
          10,
          15,
          3,
          16,
          18,
          8,
          2,
          6
        ]
      ],
      "46": [
        [
          6,
          10,
          7,
          4,
          4,
          4,
          8,
          11,
          10,
          14,
          15,
          10,
          7,
          11,
          10,
          4,
          7,
          9,
          10,
          16,
          17,
          10,
          8
        ],
        [
          13,
          0,
          15,
          8,
          8,
          8,
          17,
          3,
          2,
          10,
          12,
          1,
          16,
          3,
          1,
          9,
          15,
          9,
          1,
          14,
          16,
          1,
          17
        ]
      ],
      "47": [
        [
          4,
          4,
          6,
          14,
          16,
          16,
          16,
          11,
          5,
          3,
          4,
          4,
          8,
          10,
          4,
          11,
          5,
          5,
          11,
          6,
          12,
          8,
          9,
          16
        ],
        [
          8,
          8,
          13,
          9,
          14,
          14,
          14,
          3,
          11,
          6,
          8,
          8,
          17,
          0,
          10,
          2,
          11,
          11,
          2,
          14,
          4,
          18,
          9,
          12
        ],
        [
          16,
          17,
          7,
          0,
          10,
          10,
          9,
          8,
          2,
          13,
          16,
          17,
          14,
          2,
          0,
          6,
          3,
          3,
          6,
          8,
          10,
          17,
          0,
          6
        ]
      ],
      "48": [
        [
          7,
          15,
          15,
          7,
          1,
          2,
          0,
          18,
          10,
          6,
          11,
          15,
          13,
          7,
          2,
          6,
          9,
          6,
          9,
          14,
          9,
          9,
          8,
          6
        ],
        [
          15,
          11,
          11,
          15,
          2,
          4,
          1,
          17,
          1,
          14,
          3,
          12,
          7,
          15,
          4,
          12,
          18,
          13,
          9,
          8,
          9,
          9,
          17,
          12
        ]
      ],
      "49": [
        [
          6,
          8,
          4,
          8,
          8,
          6,
          5,
          9,
          9,
          6,
          8,
          6,
          10,
          13,
          10,
          7,
          12,
          13,
          3,
          18,
          18,
          9,
          7,
          11,
          6
        ],
        [
          12,
          16,
          8,
          16,
          16,
          12,
          10,
          18,
          18,
          12,
          16,
          13,
          1,
          8,
          1,
          16,
          5,
          7,
          8,
          17,
          17,
          9,
          16,
          2,
          14
        ]
      ],
      "50": [
        [
          3,
          10,
          15,
          15,
          14,
          10,
          4,
          10,
          18,
          12,
          10,
          11,
          5,
          9,
          9,
          8,
          12,
          12,
          15,
          16,
          16,
          8,
          7,
          9,
          7
        ],
        [
          7,
          1,
          12,
          12,
          10,
          1,
          10,
          1,
          18,
          6,
          2,
          3,
          11,
          18,
          18,
          17,
          5,
          6,
          12,
          14,
          13,
          17,
          14,
          18,
          14
        ],
        [
          14,
          3,
          5,
          6,
          1,
          4,
          0,
          4,
          16,
          13,
          4,
          7,
          3,
          18,
          18,
          15,
          11,
          13,
          5,
          10,
          8,
          16,
          10,
          18,
          10
        ]
      ],
      "51": [
        [
          5,
          8,
          8,
          11,
          7,
          5,
          4,
          4,
          11,
          11,
          8,
          11,
          10,
          12,
          18,
          15,
          8,
          6,
          9,
          6,
          9,
          15,
          8,
          10,
          10,
          2
        ],
        [
          10,
          16,
          17,
          2,
          15,
          10,
          8,
          9,
          3,
          3,
          18,
          3,
          2,
          6,
          18,
          11,
          17,
          12,
          18,
          13,
          9,
          10,
          18,
          1,
          1,
          6
        ]
      ],
      "52": [
        [
          1,
          8,
          15,
          10,
          8,
          7,
          9,
          17,
          12,
          6,
          12,
          12,
          5,
          8,
          15,
          11,
          10,
          11,
          12,
          13,
          4,
          1,
          10,
          10,
          2,
          7
        ],
        [
          2,
          17,
          11,
          1,
          17,
          15,
          9,
          15,
          5,
          14,
          5,
          5,
          11,
          17,
          11,
          4,
          2,
          4,
          6,
          7,
          9,
          3,
          1,
          1,
          5,
          14
        ],
        [
          5,
          15,
          3,
          4,
          15,
          12,
          0,
          11,
          12,
          8,
          11,
          11,
          3,
          16,
          3,
          9,
          4,
          8,
          12,
          14,
          18,
          6,
          2,
          2,
          11,
          9
        ],
        [
          11,
          10,
          7,
          9,
          11,
          5,
          2,
          3,
          5,
          18,
          3,
          3,
          8,
          12,
          7,
          18,
          8,
          17,
          5,
          10,
          17,
          13,
          4,
          5,
          3,
          0
        ]
      ],
      "53": [
        [
          2,
          3,
          8,
          17,
          1,
          7,
          7,
          5,
          8,
          14,
          12,
          6,
          11,
          11,
          10,
          16,
          17,
          16,
          13,
          6,
          9,
          12,
          8,
          9,
          8,
          3,
          0
        ],
        [
          4,
          6,
          17,
          14,
          3,
          14,
          14,
          10,
          17,
          9,
          5,
          14,
          3,
          4,
          2,
          14,
          16,
          14,
          7,
          14,
          9,
          4,
          17,
          18,
          16,
          6,
          0
        ],
        [
          8,
          13,
          15,
          9,
          8,
          9,
          10,
          2,
          15,
          9,
          12,
          8,
          7,
          8,
          5,
          9,
          14,
          9,
          16,
          8,
          9,
          10,
          15,
          18,
          13,
          13,
          0
        ],
        [
          17,
          7,
          11,
          9,
          18,
          9,
          0,
          6,
          11,
          0,
          5,
          17,
          14,
          16,
          11,
          9,
          9,
          0,
          13,
          18,
          9,
          1,
          12,
          18,
          8,
          7,
          2
        ]
      ],
      "54": [
        [
          8,
          15,
          9,
          2,
          9,
          8,
          10,
          6,
          8,
          2,
          5,
          13,
          13,
          12,
          9,
          1,
          9,
          10,
          4,
          13,
          8,
          11,
          4,
          12,
          17,
          15,
          9
        ],
        [
          17,
          10,
          9,
          5,
          18,
          17,
          0,
          13,
          16,
          4,
          11,
          7,
          8,
          5,
          9,
          4,
          9,
          0,
          10,
          6,
          18,
          2,
          10,
          5,
          16,
          12,
          0
        ]
      ],
      "55": [
        [
          8,
          9,
          0,
          15,
          14,
          17,
          8,
          4,
          11,
          11,
          6,
          9,
          15,
          13,
          14,
          13,
          13,
          9,
          1,
          7,
          15,
          11,
          3,
          6,
          12,
          10,
          3,
          0
        ],
        [
          16,
          18,
          1,
          11,
          10,
          15,
          17,
          9,
          3,
          3,
          14,
          9,
          11,
          8,
          10,
          8,
          7,
          9,
          3,
          15,
          11,
          3,
          7,
          13,
          5,
          1,
          7,
          0
        ]
      ],
      "56": [
        [
          7,
          16,
          10,
          3,
          3,
          7,
          14,
          7,
          13,
          6,
          8,
          5,
          2,
          10,
          9,
          9,
          15,
          16,
          12,
          9,
          8,
          5,
          10,
          11,
          9,
          6,
          8,
          7
        ],
        [
          15,
          13,
          1,
          7,
          6,
          15,
          8,
          16,
          6,
          13,
          16,
          10,
          5,
          1,
          0,
          0,
          12,
          14,
          5,
          9,
          17,
          11,
          1,
          3,
          9,
          13,
          16,
          14
        ]
      ],
      "57": [
        [
          6,
          10,
          5,
          8,
          13,
          12,
          14,
          15,
          13,
          10,
          11,
          8,
          6,
          6,
          1,
          0,
          3,
          8,
          10,
          15,
          7,
          10,
          3,
          4,
          13,
          3,
          11,
          12,
          10
        ],
        [
          13,
          0,
          11,
          17,
          7,
          6,
          10,
          12,
          8,
          2,
          3,
          17,
          12,
          12,
          2,
          0,
          6,
          17,
          1,
          11,
          16,
          0,
          7,
          9,
          6,
          8,
          3,
          6,
          2
        ]
      ],
      "58": [
        [
          4,
          4,
          2,
          10,
          15,
          13,
          7,
          4,
          11,
          10,
          5,
          11,
          11,
          6,
          5,
          2,
          6,
          14,
          9,
          3,
          9,
          7,
          7,
          16,
          15,
          14,
          11,
          9,
          8
        ],
        [
          8,
          8,
          5,
          1,
          12,
          7,
          15,
          9,
          3,
          1,
          12,
          3,
          3,
          13,
          10,
          4,
          13,
          8,
          9,
          7,
          18,
          14,
          15,
          13,
          12,
          10,
          3,
          9,
          17
        ],
        [
          16,
          16,
          10,
          3,
          4,
          16,
          10,
          9,
          7,
          3,
          4,
          7,
          7,
          7,
          1,
          10,
          6,
          17,
          18,
          15,
          17,
          10,
          12,
          8,
          6,
          1,
          8,
          9,
          15
        ]
      ],
      "59": [
        [
          7,
          14,
          8,
          4,
          7,
          11,
          8,
          0,
          17,
          10,
          7,
          11,
          14,
          14,
          8,
          2,
          7,
          14,
          17,
          15,
          14,
          9,
          4,
          11,
          14,
          7,
          9,
          18,
          5,
          12
        ],
        [
          15,
          8,
          17,
          8,
          15,
          2,
          17,
          1,
          15,
          1,
          16,
          3,
          10,
          9,
          17,
          4,
          15,
          9,
          16,
          12,
          9,
          9,
          10,
          3,
          9,
          16,
          9,
          16,
          12,
          4
        ]
      ],
      "60": [
        [
          6,
          14,
          16,
          16,
          14,
          8,
          10,
          9,
          7,
          7,
          8,
          10,
          4,
          1,
          8,
          12,
          10,
          6,
          7,
          10,
          3,
          0,
          1,
          4,
          13,
          6,
          7,
          7,
          10,
          7
        ],
        [
          13,
          9,
          14,
          14,
          9,
          18,
          0,
          9,
          15,
          14,
          17,
          0,
          9,
          2,
          17,
          5,
          1,
          13,
          15,
          0,
          7,
          0,
          2,
          9,
          6,
          13,
          14,
          15,
          0,
          15
        ]
      ],
      "61": [
        [
          4,
          4,
          5,
          10,
          5,
          9,
          9,
          10,
          5,
          11,
          13,
          8,
          9,
          11,
          10,
          13,
          6,
          5,
          10,
          6,
          7,
          7,
          2,
          11,
          15,
          10,
          9,
          11,
          6,
          6,
          12
        ],
        [
          8,
          8,
          11,
          0,
          12,
          9,
          9,
          0,
          12,
          3,
          7,
          18,
          9,
          3,
          2,
          7,
          13,
          11,
          0,
          13,
          14,
          14,
          5,
          3,
          12,
          2,
          0,
          3,
          13,
          13,
          4
        ],
        [
          16,
          17,
          2,
          2,
          4,
          9,
          9,
          2,
          4,
          7,
          15,
          16,
          9,
          7,
          4,
          15,
          7,
          3,
          2,
          7,
          10,
          9,
          11,
          7,
          4,
          5,
          0,
          7,
          7,
          7,
          10
        ]
      ],
      "62": [
        [
          7,
          15,
          10,
          4,
          6,
          13,
          18,
          11,
          6,
          11,
          13,
          13,
          6,
          17,
          11,
          10,
          13,
          10,
          5,
          9,
          8,
          1,
          2,
          9,
          11,
          9,
          5,
          7,
          14,
          14,
          8
        ],
        [
          15,
          11,
          1,
          9,
          13,
          7,
          18,
          3,
          14,
          3,
          8,
          7,
          14,
          15,
          4,
          2,
          8,
          1,
          11,
          18,
          16,
          2,
          5,
          9,
          2,
          9,
          11,
          15,
          9,
          9,
          17
        ]
      ],
      "63": [
        [
          6,
          8,
          3,
          11,
          3,
          11,
          16,
          12,
          8,
          8,
          11,
          15,
          12,
          11,
          10,
          6,
          10,
          9,
          3,
          11,
          16,
          9,
          7,
          14,
          11,
          12,
          1,
          8,
          6,
          0,
          8,
          16
        ],
        [
          12,
          16,
          7,
          2,
          8,
          3,
          14,
          5,
          17,
          17,
          3,
          12,
          6,
          4,
          1,
          14,
          0,
          9,
          8,
          3,
          13,
          9,
          16,
          9,
          4,
          5,
          3,
          16,
          12,
          0,
          17,
          12
        ]
      ],
      "64": [
        [
          3,
          10,
          14,
          9,
          10,
          11,
          8,
          10,
          13,
          16,
          11,
          6,
          9,
          10,
          5,
          6,
          5,
          9,
          17,
          11,
          7,
          4,
          7,
          6,
          14,
          9,
          8,
          10,
          10,
          3,
          8,
          11
        ],
        [
          7,
          1,
          10,
          0,
          2,
          3,
          18,
          1,
          8,
          14,
          3,
          14,
          9,
          0,
          11,
          12,
          11,
          9,
          15,
          3,
          15,
          8,
          14,
          13,
          8,
          9,
          18,
          1,
          1,
          7,
          17,
          3
        ],
        [
          14,
          3,
          0,
          1,
          4,
          7,
          16,
          3,
          17,
          8,
          8,
          8,
          9,
          2,
          3,
          6,
          4,
          0,
          11,
          8,
          10,
          18,
          9,
          7,
          18,
          9,
          16,
          3,
          2,
          15,
          14,
          7
        ]
      ],
      "65": [
        [
          5,
          8,
          3,
          1,
          5,
          11,
          14,
          10,
          11,
          16,
          16,
          16,
          17,
          11,
          5,
          9,
          10,
          4,
          2,
          10,
          9,
          10,
          8,
          17,
          16,
          9,
          7,
          10,
          5,
          8,
          11,
          12,
          14
        ],
        [
          10,
          16,
          6,
          2,
          11,
          3,
          10,
          2,
          4,
          14,
          14,
          14,
          16,
          3,
          12,
          9,
          0,
          9,
          5,
          1,
          0,
          1,
          18,
          15,
          13,
          9,
          16,
          0,
          11,
          17,
          3,
          6,
          10
        ]
      ],
      "66": [
        [
          1,
          8,
          13,
          8,
          4,
          5,
          4,
          3,
          6,
          9,
          10,
          10,
          12,
          10,
          6,
          2,
          10,
          9,
          14,
          6,
          1,
          1,
          10,
          15,
          10,
          4,
          7,
          7,
          2,
          10,
          11,
          9,
          7
        ],
        [
          2,
          17,
          6,
          17,
          8,
          10,
          8,
          6,
          13,
          9,
          1,
          2,
          6,
          1,
          13,
          5,
          1,
          0,
          9,
          13,
          2,
          3,
          1,
          12,
          1,
          9,
          14,
          14,
          5,
          1,
          3,
          9,
          15
        ],
        [
          5,
          14,
          14,
          14,
          18,
          0,
          17,
          13,
          6,
          9,
          3,
          4,
          12,
          3,
          6,
          11,
          2,
          1,
          9,
          6,
          5,
          6,
          3,
          4,
          4,
          9,
          9,
          9,
          11,
          2,
          7,
          9,
          11
        ],
        [
          11,
          9,
          10,
          10,
          17,
          2,
          15,
          7,
          13,
          18,
          6,
          9,
          4,
          7,
          13,
          2,
          5,
          2,
          18,
          12,
          10,
          12,
          6,
          8,
          9,
          9,
          9,
          9,
          2,
          5,
          15,
          9,
          3
        ]
      ],
      "67": [
        [
          2,
          2,
          1,
          2,
          9,
          10,
          8,
          13,
          11,
          13,
          15,
          15,
          13,
          11,
          11,
          6,
          7,
          7,
          11,
          12,
          4,
          4,
          9,
          14,
          17,
          18,
          18,
          18,
          11,
          7,
          11,
          5,
          13,
          6
        ],
        [
          4,
          4,
          2,
          5,
          9,
          0,
          18,
          7,
          4,
          8,
          12,
          12,
          8,
          4,
          3,
          13,
          14,
          15,
          3,
          5,
          9,
          9,
          9,
          9,
          16,
          18,
          18,
          18,
          3,
          16,
          2,
          12,
          6,
          14
        ],
        [
          8,
          8,
          4,
          10,
          18,
          1,
          16,
          15,
          8,
          17,
          5,
          5,
          17,
          8,
          7,
          7,
          10,
          11,
          7,
          11,
          9,
          9,
          9,
          9,
          13,
          18,
          18,
          17,
          8,
          12,
          6,
          4,
          14,
          8
        ],
        [
          16,
          16,
          9,
          1,
          17,
          4,
          13,
          11,
          18,
          14,
          11,
          11,
          14,
          17,
          14,
          15,
          1,
          3,
          16,
          3,
          0,
          0,
          0,
          0,
          8,
          18,
          18,
          15,
          18,
          4,
          13,
          9,
          8,
          18
        ]
      ],
      "68": [
        [
          7,
          14,
          6,
          11,
          9,
          12,
          8,
          6,
          11,
          14,
          7,
          4,
          7,
          13,
          13,
          11,
          7,
          4,
          10,
          10,
          3,
          0,
          0,
          0,
          8,
          17,
          18,
          15,
          15,
          13,
          8,
          3,
          18,
          17
        ],
        [
          15,
          8,
          14,
          3,
          0,
          5,
          17,
          13,
          3,
          9,
          15,
          8,
          15,
          7,
          8,
          3,
          15,
          9,
          1,
          1,
          7,
          0,
          0,
          0,
          17,
          15,
          18,
          12,
          12,
          7,
          17,
          7,
          17,
          16
        ]
      ],
      "69": [
        [
          6,
          14,
          13,
          8,
          3,
          5,
          13,
          12,
          7,
          13,
          5,
          14,
          14,
          13,
          15,
          11,
          9,
          5,
          11,
          2,
          8,
          7,
          0,
          0,
          8,
          14,
          15,
          12,
          6,
          10,
          15,
          15,
          15,
          15,
          14
        ],
        [
          13,
          9,
          7,
          17,
          6,
          11,
          7,
          5,
          16,
          6,
          12,
          9,
          10,
          8,
          12,
          3,
          9,
          12,
          2,
          5,
          16,
          14,
          0,
          0,
          17,
          9,
          12,
          5,
          14,
          1,
          12,
          12,
          12,
          12,
          10
        ]
      ],
      "70": [
        [
          4,
          3,
          17,
          15,
          14,
          8,
          9,
          12,
          12,
          13,
          9,
          3,
          1,
          9,
          11,
          6,
          13,
          2,
          5,
          7,
          12,
          12,
          5,
          0,
          8,
          8,
          3,
          8,
          10,
          6,
          4,
          6,
          6,
          6,
          4
        ],
        [
          8,
          7,
          15,
          12,
          9,
          18,
          9,
          5,
          6,
          7,
          9,
          7,
          3,
          9,
          2,
          14,
          6,
          5,
          10,
          15,
          5,
          5,
          11,
          0,
          16,
          16,
          6,
          17,
          0,
          13,
          8,
          12,
          12,
          12,
          8
        ],
        [
          16,
          15,
          11,
          6,
          0,
          17,
          9,
          11,
          12,
          14,
          18,
          14,
          6,
          18,
          5,
          8,
          13,
          11,
          1,
          11,
          11,
          11,
          2,
          2,
          13,
          13,
          14,
          14,
          2,
          6,
          18,
          5,
          6,
          5,
          17
        ]
      ],
      "71": [
        [
          7,
          13,
          8,
          8,
          6,
          8,
          8,
          2,
          5,
          8,
          14,
          14,
          11,
          15,
          14,
          13,
          12,
          6,
          3,
          3,
          4,
          4,
          4,
          4,
          6,
          8,
          9,
          10,
          7,
          8,
          15,
          14,
          11,
          11,
          13,
          16
        ],
        [
          15,
          6,
          17,
          16,
          12,
          16,
          16,
          4,
          10,
          17,
          9,
          10,
          4,
          12,
          10,
          8,
          5,
          13,
          6,
          6,
          8,
          8,
          8,
          8,
          12,
          17,
          9,
          0,
          15,
          17,
          11,
          10,
          4,
          4,
          8,
          14
        ]
      ],
      "72": [
        [
          6,
          12,
          14,
          15,
          10,
          10,
          14,
          11,
          5,
          9,
          8,
          1,
          5,
          7,
          4,
          9,
          13,
          9,
          10,
          12,
          14,
          16,
          16,
          16,
          11,
          11,
          7,
          10,
          6,
          14,
          10,
          3,
          5,
          8,
          12,
          13
        ],
        [
          13,
          5,
          10,
          12,
          2,
          2,
          10,
          3,
          11,
          18,
          16,
          2,
          10,
          14,
          9,
          9,
          7,
          0,
          2,
          6,
          10,
          14,
          14,
          14,
          4,
          3,
          16,
          0,
          14,
          9,
          1,
          7,
          10,
          17,
          5,
          8
        ]
      ],
      "73": [
        [
          4,
          9,
          6,
          4,
          5,
          4,
          3,
          4,
          5,
          11,
          16,
          9,
          3,
          6,
          4,
          9,
          17,
          7,
          2,
          8,
          7,
          6,
          10,
          10,
          9,
          7,
          10,
          7,
          5,
          4,
          11,
          8,
          8,
          9,
          13,
          13,
          16
        ],
        [
          8,
          18,
          12,
          8,
          10,
          8,
          6,
          8,
          11,
          3,
          13,
          9,
          7,
          12,
          9,
          9,
          14,
          15,
          4,
          16,
          14,
          13,
          1,
          1,
          9,
          16,
          0,
          15,
          10,
          9,
          2,
          17,
          17,
          9,
          7,
          8,
          14
        ],
        [
          17,
          17,
          5,
          18,
          0,
          17,
          12,
          17,
          2,
          8,
          6,
          9,
          16,
          5,
          0,
          0,
          10,
          11,
          10,
          13,
          10,
          7,
          3,
          3,
          9,
          12,
          2,
          11,
          1,
          9,
          6,
          15,
          15,
          9,
          15,
          17,
          8
        ]
      ],
      "74": [
        [
          8,
          16,
          13,
          14,
          9,
          8,
          11,
          11,
          10,
          10,
          14,
          16,
          6,
          12,
          5,
          0,
          1,
          3,
          3,
          5,
          5,
          8,
          10,
          6,
          13,
          2,
          5,
          4,
          3,
          10,
          15,
          12,
          12,
          6,
          6,
          14,
          16
        ],
        [
          17,
          13,
          8,
          9,
          9,
          18,
          3,
          4,
          2,
          2,
          10,
          13,
          14,
          4,
          11,
          0,
          2,
          6,
          6,
          10,
          10,
          17,
          0,
          14,
          6,
          5,
          10,
          8,
          7,
          1,
          12,
          6,
          5,
          13,
          13,
          9,
          14
        ]
      ],
      "75": [
        [
          8,
          12,
          12,
          18,
          9,
          8,
          12,
          7,
          6,
          4,
          3,
          5,
          9,
          9,
          6,
          2,
          2,
          8,
          12,
          7,
          2,
          9,
          8,
          5,
          11,
          11,
          6,
          9,
          15,
          8,
          4,
          9,
          11,
          9,
          8,
          4,
          5,
          10
        ],
        [
          17,
          5,
          6,
          17,
          9,
          18,
          4,
          15,
          12,
          8,
          6,
          10,
          18,
          18,
          12,
          4,
          4,
          17,
          4,
          15,
          4,
          18,
          16,
          11,
          3,
          3,
          14,
          9,
          10,
          17,
          9,
          9,
          2,
          9,
          17,
          8,
          11,
          0
        ]
      ],
      "76": [
        [
          8,
          13,
          11,
          14,
          8,
          9,
          13,
          10,
          9,
          11,
          14,
          7,
          10,
          18,
          12,
          7,
          8,
          12,
          12,
          10,
          10,
          13,
          16,
          9,
          5,
          6,
          8,
          5,
          1,
          9,
          7,
          9,
          12,
          12,
          7,
          16,
          10,
          2
        ],
        [
          17,
          7,
          4,
          9,
          18,
          9,
          7,
          2,
          0,
          4,
          9,
          16,
          1,
          18,
          5,
          15,
          17,
          5,
          6,
          2,
          2,
          8,
          13,
          9,
          11,
          12,
          16,
          10,
          2,
          18,
          15,
          9,
          5,
          5,
          16,
          13,
          1,
          5
        ]
      ],
      "77": [
        [
          8,
          15,
          11,
          14,
          8,
          8,
          17,
          9,
          2,
          4,
          14,
          6,
          8,
          10,
          14,
          11,
          14,
          13,
          11,
          8,
          4,
          10,
          12,
          4,
          2,
          5,
          10,
          8,
          3,
          11,
          15,
          5,
          15,
          10,
          12,
          11,
          5,
          6,
          10
        ],
        [
          17,
          11,
          4,
          9,
          17,
          17,
          14,
          9,
          5,
          9,
          8,
          13,
          17,
          1,
          10,
          4,
          10,
          8,
          3,
          17,
          9,
          1,
          5,
          9,
          4,
          11,
          0,
          17,
          7,
          3,
          11,
          12,
          11,
          2,
          6,
          3,
          11,
          13,
          0
        ]
      ],
      "78": [
        [
          8,
          10,
          6,
          14,
          7,
          16,
          13,
          4,
          15,
          14,
          17,
          12,
          12,
          9,
          2,
          5,
          5,
          9,
          11,
          11,
          7,
          11,
          6,
          14,
          13,
          6,
          2,
          8,
          15,
          10,
          5,
          5,
          5,
          4,
          8,
          9,
          5,
          6,
          4
        ],
        [
          17,
          0,
          14,
          8,
          16,
          13,
          7,
          10,
          11,
          10,
          16,
          6,
          5,
          9,
          5,
          10,
          11,
          9,
          3,
          3,
          16,
          2,
          14,
          9,
          7,
          13,
          4,
          17,
          11,
          1,
          11,
          10,
          10,
          8,
          16,
          18,
          10,
          12,
          8
        ]
      ],
      "79": [
        [
          8,
          8,
          5,
          13,
          15,
          11,
          11,
          8,
          3,
          3,
          8,
          13,
          11,
          14,
          14,
          6,
          3,
          1,
          13,
          6,
          10,
          9,
          7,
          4,
          17,
          11,
          8,
          12,
          10,
          3,
          3,
          3,
          2,
          9,
          15,
          16,
          10,
          4,
          11,
          16
        ],
        [
          16,
          16,
          11,
          7,
          12,
          4,
          3,
          17,
          6,
          6,
          17,
          7,
          4,
          10,
          9,
          13,
          6,
          3,
          6,
          14,
          0,
          9,
          15,
          9,
          15,
          3,
          18,
          5,
          1,
          7,
          6,
          6,
          5,
          9,
          11,
          14,
          1,
          10,
          3,
          14
        ]
      ],
      "80": [
        [
          7,
          14,
          9,
          9,
          10,
          7,
          7,
          11,
          14,
          12,
          14,
          15,
          11,
          5,
          1,
          4,
          10,
          9,
          9,
          11,
          5,
          10,
          5,
          6,
          6,
          9,
          12,
          14,
          6,
          8,
          13,
          12,
          11,
          15,
          1,
          7,
          6,
          2,
          4,
          8
        ],
        [
          15,
          9,
          0,
          0,
          1,
          15,
          15,
          3,
          10,
          6,
          10,
          12,
          3,
          11,
          2,
          9,
          1,
          0,
          0,
          3,
          12,
          0,
          11,
          12,
          13,
          9,
          5,
          9,
          13,
          17,
          7,
          6,
          4,
          11,
          3,
          14,
          12,
          4,
          8,
          16
        ]
      ],
      "81": [
        [
          6,
          5,
          10,
          0,
          1,
          7,
          12,
          9,
          4,
          7,
          7,
          4,
          6,
          5,
          4,
          11,
          10,
          1,
          0,
          3,
          6,
          3,
          2,
          5,
          7,
          3,
          15,
          15,
          3,
          12,
          15,
          13,
          10,
          6,
          5,
          8,
          8,
          7,
          12,
          15,
          14
        ],
        [
          12,
          11,
          0,
          1,
          2,
          15,
          4,
          9,
          9,
          14,
          14,
          8,
          12,
          10,
          9,
          3,
          1,
          3,
          0,
          6,
          12,
          6,
          4,
          10,
          14,
          7,
          11,
          11,
          8,
          5,
          12,
          8,
          1,
          13,
          10,
          16,
          16,
          15,
          5,
          12,
          10
        ]
      ],
      "82": [
        [
          3,
          5,
          2,
          1,
          3,
          8,
          10,
          14,
          9,
          4,
          10,
          13,
          11,
          4,
          0,
          13,
          4,
          4,
          3,
          6,
          9,
          9,
          10,
          5,
          6,
          12,
          9,
          4,
          10,
          13,
          8,
          11,
          9,
          5,
          5,
          8,
          14,
          13,
          11,
          8,
          4
        ],
        [
          6,
          10,
          4,
          2,
          6,
          17,
          1,
          9,
          9,
          10,
          1,
          8,
          3,
          9,
          1,
          6,
          9,
          8,
          6,
          13,
          9,
          9,
          0,
          11,
          13,
          4,
          9,
          10,
          1,
          7,
          18,
          2,
          9,
          11,
          10,
          17,
          9,
          8,
          3,
          17,
          8
        ],
        [
          13,
          0,
          9,
          4,
          13,
          14,
          4,
          9,
          9,
          0,
          3,
          16,
          6,
          18,
          2,
          12,
          18,
          16,
          13,
          6,
          9,
          9,
          2,
          3,
          7,
          10,
          9,
          0,
          3,
          15,
          16,
          6,
          9,
          3,
          2,
          15,
          9,
          17,
          7,
          14,
          17
        ]
      ],
      "83": [
        [
          4,
          4,
          9,
          13,
          8,
          9,
          9,
          13,
          18,
          9,
          3,
          10,
          13,
          15,
          11,
          5,
          12,
          16,
          11,
          10,
          15,
          18,
          11,
          5,
          10,
          8,
          0,
          10,
          3,
          9,
          13,
          13,
          15,
          12,
          5,
          8,
          6,
          8,
          15,
          12,
          13,
          16
        ],
        [
          8,
          9,
          9,
          6,
          18,
          9,
          9,
          7,
          17,
          9,
          8,
          1,
          8,
          12,
          3,
          12,
          5,
          14,
          4,
          2,
          12,
          18,
          3,
          12,
          0,
          17,
          1,
          0,
          8,
          9,
          7,
          8,
          12,
          5,
          11,
          16,
          12,
          17,
          11,
          6,
          8,
          14
        ],
        [
          16,
          18,
          18,
          13,
          16,
          9,
          9,
          16,
          14,
          9,
          17,
          2,
          17,
          4,
          8,
          4,
          12,
          8,
          9,
          5,
          5,
          17,
          8,
          4,
          2,
          14,
          3,
          0,
          16,
          18,
          14,
          17,
          4,
          12,
          3,
          14,
          6,
          16,
          3,
          13,
          17,
          8
        ]
      ],
      "84": [
        [
          7,
          16,
          18,
          13,
          11,
          7,
          0,
          7,
          12,
          5,
          8,
          10,
          10,
          12,
          12,
          12,
          7,
          11,
          17,
          14,
          10,
          13,
          16,
          12,
          6,
          7,
          8,
          3,
          7,
          16,
          14,
          13,
          12,
          7,
          6,
          8,
          11,
          13,
          10,
          7,
          12,
          16
        ],
        [
          15,
          13,
          18,
          8,
          3,
          15,
          0,
          15,
          4,
          11,
          17,
          1,
          2,
          6,
          6,
          5,
          16,
          3,
          16,
          10,
          2,
          8,
          14,
          5,
          13,
          14,
          16,
          6,
          15,
          13,
          10,
          8,
          5,
          15,
          12,
          17,
          3,
          8,
          1,
          16,
          5,
          14
        ]
      ],
      "85": [
        [
          6,
          10,
          13,
          17,
          11,
          9,
          6,
          6,
          10,
          6,
          10,
          9,
          3,
          8,
          12,
          11,
          12,
          10,
          10,
          8,
          3,
          10,
          13,
          10,
          9,
          9,
          12,
          13,
          12,
          10,
          5,
          9,
          13,
          11,
          9,
          11,
          11,
          11,
          9,
          8,
          12,
          10,
          10
        ],
        [
          13,
          1,
          8,
          16,
          3,
          9,
          13,
          13,
          0,
          14,
          0,
          9,
          7,
          17,
          5,
          4,
          6,
          2,
          1,
          17,
          7,
          1,
          8,
          2,
          0,
          0,
          6,
          8,
          6,
          1,
          12,
          9,
          7,
          4,
          0,
          4,
          4,
          3,
          9,
          18,
          5,
          2,
          2
        ]
      ],
      "86": [
        [
          4,
          5,
          9,
          15,
          10,
          13,
          3,
          8,
          4,
          5,
          5,
          9,
          16,
          15,
          13,
          9,
          10,
          8,
          3,
          9,
          15,
          8,
          9,
          10,
          2,
          0,
          6,
          14,
          14,
          7,
          4,
          2,
          17,
          11,
          4,
          4,
          8,
          7,
          13,
          8,
          14,
          7,
          4
        ],
        [
          8,
          11,
          9,
          11,
          2,
          7,
          7,
          16,
          8,
          10,
          11,
          9,
          13,
          12,
          8,
          0,
          1,
          17,
          7,
          9,
          10,
          18,
          9,
          0,
          5,
          0,
          13,
          9,
          9,
          15,
          8,
          5,
          15,
          3,
          9,
          8,
          16,
          15,
          6,
          18,
          8,
          15,
          8
        ],
        [
          17,
          3,
          0,
          3,
          5,
          14,
          15,
          12,
          18,
          1,
          4,
          0,
          8,
          5,
          17,
          0,
          3,
          14,
          16,
          9,
          1,
          17,
          9,
          1,
          10,
          1,
          7,
          0,
          0,
          11,
          17,
          11,
          10,
          7,
          18,
          17,
          13,
          11,
          14,
          16,
          18,
          10,
          17
        ]
      ],
      "87": [
        [
          8,
          11,
          3,
          3,
          8,
          10,
          11,
          9,
          12,
          10,
          5,
          4,
          8,
          13,
          13,
          8,
          3,
          8,
          12,
          6,
          11,
          9,
          7,
          11,
          2,
          2,
          8,
          7,
          0,
          2,
          10,
          10,
          3,
          8,
          16,
          17,
          12,
          6,
          7,
          12,
          16,
          10,
          9,
          16
        ],
        [
          17,
          2,
          7,
          6,
          17,
          1,
          4,
          0,
          6,
          1,
          11,
          8,
          17,
          7,
          7,
          17,
          6,
          17,
          4,
          14,
          2,
          9,
          16,
          2,
          5,
          4,
          16,
          14,
          0,
          5,
          1,
          1,
          7,
          17,
          13,
          16,
          5,
          13,
          15,
          5,
          14,
          2,
          0,
          14
        ]
      ],
      "88": [
        [
          8,
          10,
          9,
          13,
          14,
          9,
          5,
          4,
          6,
          7,
          3,
          10,
          16,
          15,
          14,
          15,
          14,
          14,
          12,
          9,
          7,
          12,
          6,
          9,
          7,
          9,
          11,
          12,
          5,
          5,
          6,
          2,
          8,
          15,
          12,
          11,
          12,
          9,
          10,
          11,
          10,
          7,
          2,
          5
        ],
        [
          17,
          1,
          0,
          8,
          9,
          9,
          11,
          8,
          12,
          14,
          7,
          1,
          14,
          12,
          10,
          12,
          10,
          10,
          5,
          9,
          16,
          4,
          13,
          18,
          15,
          9,
          3,
          5,
          11,
          10,
          12,
          4,
          17,
          11,
          6,
          4,
          6,
          0,
          2,
          4,
          1,
          15,
          4,
          10
        ]
      ],
      "89": [
        [
          8,
          9,
          1,
          8,
          18,
          9,
          1,
          10,
          11,
          8,
          12,
          8,
          6,
          8,
          4,
          4,
          4,
          2,
          6,
          15,
          6,
          11,
          8,
          13,
          15,
          5,
          13,
          8,
          7,
          3,
          4,
          7,
          12,
          10,
          8,
          10,
          10,
          6,
          2,
          6,
          5,
          7,
          10,
          5,
          2
        ],
        [
          16,
          18,
          2,
          17,
          16,
          9,
          4,
          1,
          3,
          18,
          4,
          17,
          12,
          16,
          8,
          8,
          8,
          4,
          13,
          10,
          14,
          2,
          18,
          7,
          11,
          12,
          6,
          17,
          14,
          6,
          8,
          15,
          5,
          1,
          18,
          1,
          1,
          13,
          4,
          12,
          10,
          15,
          0,
          11,
          4
        ]
      ],
      "90": [
        [
          7,
          16,
          11,
          10,
          15,
          6,
          14,
          5,
          4,
          12,
          13,
          12,
          11,
          10,
          15,
          16,
          16,
          12,
          8,
          5,
          6,
          7,
          11,
          16,
          9,
          5,
          9,
          14,
          13,
          11,
          14,
          14,
          11,
          6,
          10,
          10,
          2,
          5,
          8,
          7,
          4,
          7,
          6,
          2,
          6
        ],
        [
          15,
          13,
          4,
          2,
          11,
          14,
          8,
          11,
          9,
          5,
          8,
          6,
          4,
          2,
          12,
          14,
          14,
          5,
          17,
          10,
          12,
          15,
          3,
          13,
          9,
          12,
          9,
          9,
          8,
          4,
          10,
          10,
          3,
          14,
          1,
          1,
          5,
          10,
          16,
          14,
          8,
          14,
          12,
          4,
          12
        ]
      ],
      "91": [
        [
          6,
          10,
          8,
          6,
          4,
          7,
          13,
          10,
          1,
          15,
          13,
          14,
          10,
          6,
          5,
          8,
          10,
          10,
          13,
          9,
          4,
          9,
          9,
          7,
          4,
          3,
          2,
          9,
          18,
          12,
          5,
          2,
          4,
          8,
          6,
          2,
          6,
          6,
          8,
          12,
          13,
          13,
          8,
          7,
          7,
          6
        ],
        [
          13,
          0,
          17,
          12,
          8,
          15,
          7,
          1,
          4,
          11,
          8,
          10,
          1,
          13,
          10,
          17,
          1,
          2,
          7,
          9,
          9,
          18,
          18,
          14,
          8,
          6,
          5,
          9,
          17,
          5,
          11,
          4,
          8,
          16,
          12,
          4,
          12,
          12,
          17,
          5,
          8,
          7,
          17,
          14,
          14,
          12
        ]
      ],
      "92": [
        [
          4,
          4,
          8,
          11,
          11,
          14,
          13,
          8,
          5,
          6,
          10,
          9,
          2,
          5,
          5,
          9,
          9,
          3,
          9,
          17,
          9,
          8,
          18,
          14,
          13,
          14,
          11,
          15,
          7,
          13,
          7,
          6,
          12,
          15,
          10,
          7,
          7,
          6,
          11,
          13,
          13,
          15,
          15,
          13,
          10,
          8
        ],
        [
          8,
          8,
          17,
          3,
          4,
          10,
          7,
          17,
          10,
          13,
          0,
          9,
          5,
          10,
          10,
          18,
          18,
          7,
          9,
          14,
          9,
          18,
          17,
          10,
          8,
          10,
          4,
          11,
          16,
          6,
          15,
          13,
          5,
          12,
          1,
          15,
          14,
          13,
          3,
          8,
          8,
          12,
          12,
          8,
          1,
          17
        ],
        [
          16,
          17,
          14,
          7,
          9,
          0,
          16,
          15,
          2,
          7,
          1,
          18,
          11,
          1,
          2,
          18,
          17,
          16,
          9,
          9,
          0,
          18,
          16,
          1,
          18,
          0,
          10,
          3,
          13,
          14,
          11,
          7,
          12,
          4,
          4,
          11,
          10,
          7,
          7,
          16,
          17,
          5,
          5,
          17,
          3,
          15
        ]
      ],
      "93": [
        [
          7,
          15,
          13,
          12,
          16,
          9,
          7,
          13,
          8,
          9,
          8,
          10,
          11,
          3,
          3,
          11,
          17,
          15,
          6,
          9,
          10,
          9,
          16,
          8,
          10,
          9,
          1,
          4,
          7,
          9,
          7,
          9,
          10,
          7,
          8,
          6,
          3,
          8,
          14,
          14,
          15,
          13,
          10,
          13,
          11,
          9,
          12
        ],
        [
          15,
          11,
          8,
          6,
          13,
          9,
          16,
          6,
          17,
          18,
          17,
          1,
          3,
          7,
          7,
          3,
          16,
          11,
          14,
          9,
          1,
          0,
          13,
          18,
          0,
          9,
          3,
          8,
          14,
          18,
          15,
          9,
          0,
          15,
          16,
          12,
          6,
          17,
          9,
          10,
          12,
          8,
          2,
          8,
          4,
          0,
          6
        ]
      ],
      "94": [
        [
          6,
          8,
          10,
          14,
          10,
          4,
          7,
          13,
          14,
          17,
          17,
          9,
          4,
          10,
          14,
          10,
          10,
          9,
          7,
          4,
          11,
          1,
          4,
          13,
          9,
          9,
          12,
          11,
          13,
          14,
          15,
          5,
          10,
          6,
          13,
          10,
          9,
          14,
          8,
          1,
          4,
          11,
          10,
          10,
          12,
          4,
          6
        ],
        [
          12,
          17,
          1,
          10,
          1,
          9,
          15,
          7,
          10,
          16,
          15,
          9,
          10,
          1,
          10,
          2,
          1,
          9,
          15,
          9,
          2,
          3,
          9,
          7,
          0,
          0,
          6,
          4,
          8,
          10,
          11,
          12,
          0,
          14,
          7,
          2,
          0,
          9,
          17,
          2,
          9,
          3,
          2,
          2,
          5,
          9,
          12
        ]
      ],
      "95": [
        [
          3,
          11,
          9,
          2,
          2,
          11,
          5,
          13,
          8,
          8,
          13,
          6,
          1,
          2,
          2,
          3,
          3,
          11,
          5,
          5,
          12,
          5,
          12,
          16,
          7,
          0,
          6,
          10,
          12,
          9,
          3,
          5,
          3,
          5,
          12,
          9,
          2,
          10,
          7,
          10,
          11,
          12,
          5,
          4,
          7,
          15,
          2,
          6
        ],
        [
          7,
          2,
          9,
          5,
          5,
          2,
          12,
          6,
          17,
          17,
          6,
          13,
          2,
          4,
          4,
          6,
          7,
          2,
          11,
          11,
          4,
          12,
          5,
          13,
          15,
          0,
          13,
          1,
          5,
          9,
          7,
          10,
          6,
          11,
          4,
          9,
          6,
          0,
          16,
          1,
          4,
          5,
          11,
          8,
          15,
          10,
          5,
          12
        ],
        [
          14,
          4,
          18,
          10,
          10,
          5,
          4,
          14,
          15,
          15,
          14,
          6,
          5,
          8,
          8,
          12,
          14,
          5,
          3,
          3,
          10,
          4,
          12,
          7,
          11,
          2,
          6,
          3,
          10,
          18,
          15,
          0,
          14,
          2,
          9,
          18,
          12,
          1,
          12,
          3,
          8,
          11,
          2,
          18,
          11,
          1,
          12,
          4
        ]
      ],
      "96": [
        [
          5,
          9,
          13,
          10,
          2,
          6,
          9,
          9,
          11,
          12,
          11,
          11,
          11,
          13,
          16,
          11,
          8,
          10,
          8,
          6,
          4,
          5,
          7,
          10,
          9,
          4,
          8,
          9,
          4,
          10,
          15,
          6,
          5,
          7,
          12,
          8,
          12,
          4,
          4,
          6,
          11,
          10,
          4,
          11,
          11,
          3,
          4,
          7
        ],
        [
          11,
          9,
          7,
          1,
          5,
          13,
          9,
          9,
          3,
          6,
          4,
          4,
          4,
          8,
          14,
          3,
          18,
          0,
          17,
          12,
          8,
          10,
          15,
          0,
          9,
          9,
          16,
          18,
          9,
          1,
          11,
          13,
          10,
          15,
          4,
          18,
          4,
          9,
          8,
          13,
          3,
          1,
          10,
          3,
          3,
          7,
          8,
          14
        ]
      ],
      "97": [
        [
          2,
          1,
          17,
          8,
          6,
          9,
          3,
          9,
          13,
          9,
          10,
          8,
          8,
          12,
          13,
          8,
          12,
          9,
          8,
          11,
          11,
          9,
          7,
          6,
          10,
          9,
          6,
          16,
          8,
          11,
          3,
          6,
          5,
          7,
          10,
          13,
          13,
          13,
          17,
          12,
          7,
          4,
          2,
          4,
          6,
          10,
          15,
          13,
          10
        ],
        [
          4,
          3,
          14,
          17,
          12,
          18,
          7,
          9,
          7,
          0,
          1,
          17,
          17,
          5,
          7,
          18,
          4,
          9,
          18,
          3,
          3,
          9,
          15,
          13,
          0,
          9,
          14,
          12,
          18,
          2,
          7,
          12,
          10,
          15,
          1,
          8,
          8,
          8,
          16,
          5,
          15,
          8,
          4,
          8,
          13,
          1,
          12,
          8,
          2
        ],
        [
          8,
          7,
          9,
          16,
          6,
          17,
          15,
          18,
          14,
          0,
          3,
          15,
          15,
          11,
          15,
          16,
          10,
          9,
          16,
          7,
          7,
          9,
          11,
          7,
          2,
          9,
          9,
          6,
          17,
          5,
          15,
          5,
          2,
          11,
          3,
          16,
          16,
          17,
          12,
          12,
          10,
          17,
          8,
          17,
          6,
          4,
          4,
          17,
          4
        ],
        [
          16,
          15,
          9,
          12,
          14,
          15,
          12,
          18,
          9,
          1,
          7,
          11,
          12,
          4,
          12,
          14,
          2,
          0,
          13,
          15,
          15,
          9,
          2,
          15,
          4,
          18,
          18,
          13,
          14,
          12,
          10,
          11,
          5,
          2,
          8,
          13,
          14,
          16,
          6,
          6,
          2,
          15,
          18,
          14,
          13,
          8,
          9,
          14,
          10
        ]
      ],
      "98": [
        [
          7,
          13,
          6,
          3,
          8,
          11,
          9,
          12,
          8,
          11,
          8,
          9,
          5,
          7,
          7,
          8,
          7,
          2,
          4,
          10,
          12,
          5,
          12,
          8,
          10,
          13,
          18,
          13,
          9,
          8,
          4,
          3,
          7,
          7,
          10,
          12,
          9,
          12,
          13,
          12,
          8,
          8,
          15,
          14,
          9,
          12,
          18,
          4,
          6
        ],
        [
          15,
          6,
          13,
          6,
          17,
          3,
          0,
          5,
          18,
          2,
          17,
          18,
          10,
          14,
          14,
          16,
          14,
          4,
          9,
          1,
          5,
          12,
          4,
          18,
          1,
          8,
          18,
          7,
          9,
          17,
          8,
          6,
          14,
          15,
          1,
          6,
          0,
          6,
          8,
          5,
          17,
          17,
          11,
          10,
          0,
          6,
          17,
          9,
          12
        ]
      ],
      "99": [
        [
          6,
          12,
          10,
          10,
          14,
          11,
          3,
          5,
          14,
          11,
          10,
          17,
          10,
          6,
          10,
          12,
          12,
          9,
          13,
          10,
          6,
          8,
          7,
          13,
          10,
          9,
          17,
          16,
          17,
          7,
          16,
          14,
          11,
          11,
          7,
          7,
          6,
          6,
          14,
          13,
          13,
          16,
          10,
          3,
          1,
          6,
          14,
          8,
          3,
          6
        ],
        [
          13,
          5,
          2,
          2,
          10,
          3,
          7,
          11,
          9,
          4,
          2,
          16,
          1,
          14,
          1,
          6,
          6,
          0,
          8,
          1,
          13,
          16,
          15,
          7,
          2,
          0,
          16,
          14,
          15,
          16,
          13,
          10,
          4,
          3,
          15,
          14,
          12,
          13,
          9,
          8,
          8,
          14,
          1,
          7,
          2,
          13,
          8,
          17,
          6,
          12
        ]
      ],
      "100": [
        [
          4,
          9,
          7,
          4,
          3,
          4,
          10,
          9,
          1,
          14,
          6,
          9,
          8,
          6,
          6,
          7,
          12,
          6,
          8,
          9,
          5,
          11,
          13,
          13,
          9,
          2,
          7,
          12,
          11,
          13,
          11,
          5,
          5,
          7,
          9,
          11,
          8,
          7,
          3,
          18,
          16,
          13,
          6,
          8,
          9,
          6,
          12,
          16,
          14,
          9
        ],
        [
          8,
          18,
          14,
          8,
          6,
          9,
          0,
          9,
          4,
          8,
          13,
          18,
          16,
          12,
          12,
          15,
          4,
          13,
          16,
          18,
          11,
          3,
          8,
          7,
          9,
          5,
          15,
          5,
          4,
          8,
          3,
          11,
          10,
          15,
          9,
          2,
          17,
          14,
          7,
          17,
          14,
          7,
          13,
          16,
          18,
          13,
          5,
          14,
          10,
          0
        ],
        [
          17,
          17,
          9,
          17,
          12,
          18,
          0,
          18,
          8,
          17,
          7,
          18,
          14,
          6,
          6,
          11,
          10,
          7,
          14,
          18,
          3,
          7,
          16,
          14,
          18,
          11,
          10,
          11,
          8,
          16,
          7,
          3,
          2,
          11,
          9,
          6,
          15,
          9,
          16,
          15,
          9,
          16,
          7,
          14,
          18,
          7,
          12,
          9,
          1,
          1
        ]
      ],
      "101": [
        [
          8,
          16,
          8,
          8,
          11,
          12,
          9,
          9,
          17,
          16,
          15,
          16,
          14,
          11,
          12,
          8,
          3,
          8,
          12,
          14,
          12,
          10,
          14,
          12,
          14,
          11,
          3,
          3,
          10,
          15,
          14,
          10,
          5,
          4,
          1,
          16,
          12,
          6,
          7,
          13,
          6,
          7,
          14,
          12,
          14,
          16,
          10,
          2,
          11,
          2,
          2
        ]
      ]
    },
    "description": "Pour chaque longueur k, liste des portes π_k observées dans la trajectoire"
  },
  "graphe_transitions": {
    "transitions": {
      "[1, 7, 11, 10]": [
        {
          "k": 8,
          "porte": [
            2,
            15,
            3,
            2
          ]
        }
      ],
      "[2, 15, 3, 2]": [
        {
          "k": 8,
          "porte": [
            5,
            10,
            7,
            4
          ]
        }
      ],
      "[5, 10, 7, 4]": [
        {
          "k": 8,
          "porte": [
            11,
            0,
            15,
            8
          ]
        }
      ],
      "[11, 0, 15, 8]": [
        {
          "k": 9,
          "porte": [
            2,
            2,
            6,
            14,
            16
          ]
        }
      ]
    },
    "description": "Pour chaque porte source, liste des portes destinations possibles"
  },
  "fermeture": {
    "est_ferme": true,
    "portes_manquantes": [],
    "interpretation": "Si est_ferme=True, alors image(S) ⊆ S (fermeture prouvée empiriquement)"
  }
}