{
  "metadata": {
    "date_execution": "2025-10-24T12:02:36.493290",
    "version_script": "1.0",
    "dimension": 9,
    "plage_testee": "100000000-999999999"
  },
  "statistiques": {
    "total_testes": 900000000,
    "dans_S9": 30,
    "fermeture_ok": 0,
    "fermeture_probleme": 30,
    "erreurs": [
      {
        "n": 795001999,
        "porte_n": [
          16,
          18,
          14,
          1,
          0
        ],
        "T_n": 1794102596,
        "porte_Tn": null
      },
      {
        "n": 795100999,
        "porte_n": [
          16,
          18,
          14,
          1,
          0
        ],
        "T_n": 1794102596,
        "porte_Tn": null
      },
      {
        "n": 796001899,
        "porte_n": [
          16,
          18,
          14,
          1,
          0
        ],
        "T_n": 1794102596,
        "porte_Tn": null
      },
      {
        "n": 796100899,
        "porte_n": [
          16,
          18,
          14,
          1,
          0
        ],
        "T_n": 1794102596,
        "porte_Tn": null
      },
      {
        "n": 797001799,
        "porte_n": [
          16,
          18,
          14,
          1,
          0
        ],
        "T_n": 1794102596,
        "porte_Tn": null
      },
      {
        "n": 797100799,
        "porte_n": [
          16,
          18,
          14,
          1,
          0
        ],
        "T_n": 1794102596,
        "porte_Tn": null
      },
      {
        "n": 798001699,
        "porte_n": [
          16,
          18,
          14,
          1,
          0
        ],
        "T_n": 1794102596,
        "porte_Tn": null
      },
      {
        "n": 798100699,
        "porte_n": [
          16,
          18,
          14,
          1,
          0
        ],
        "T_n": 1794102596,
        "porte_Tn": null
      },
      {
        "n": 799001599,
        "porte_n": [
          16,
          18,
          14,
          1,
          0
        ],
        "T_n": 1794102596,
        "porte_Tn": null
      },
      {
        "n": 799100599,
        "porte_n": [
          16,
          18,
          14,
          1,
          0
        ],
        "T_n": 1794102596,
        "porte_Tn": null
      }
    ]
  },
  "conclusion": "NON_FERME"
}